ticker,etp_category
AAPW US,CC
AAPY US,CC
ABNY US,CC
ACIO US,CC
ACKY US,CC
AIPI US,CC
AIYY US,CC
AMDU US,CC
AMDW US,CC
AMDY US,CC
AMYY US,CC
AMZP US,CC
AMZW US,CC
AMZY US,CC
APLY US,CC
ARMW US,CC
AVGW US,CC
AZYY US,CC
BABO US,CC
BABW US,CC
BAGY US,CC
BALI US,CC
BALQ US,CC
BBYY US,CC
BCCC US,CC
BIGY US,CC
BITK US,CC
BITY US,CC
BLOX US,CC
BNDY US,CC
BPI US,CC
BRKC US,CC
BRKW US,CC
BTCC US,CC
BTCI US,CC
BUCK US,CC
BUYW US,CC
BWVTF US,CC
CANQ US,CC
CEPI US,CC
CHPY US,CC
COII US,CC
COIW US,CC
CONY US,CC
COSW US,CC
COYY US,CC
CRCO US,CC
CRSH US,CC
CSHI US,CC
CVNY US,CC
CVRD US,CC
CWII US,CC
DFII US,CC
DIPS US,CC
DISO US,CC
DIVO US,CC
DJIA US,CC
DOGG US,CC
DRAY US,CC
DYLG US,CC
EDGE US,CC
EGGS US,CC
EGGY US,CC
EHY US,CC
ETCO US,CC
ETHI US,CC
ETTY US,CC
FBY US,CC
FBYY US,CC
FDND US,CC
FEAT US,CC
FEPI US,CC
FGSI US,CC
FIAT US,CC
FIVY US,CC
FTHI US,CC
FTKI US,CC
FTQI US,CC
GDXW US,CC
GDXY US,CC
GIF US,CC
GLDI US,CC
GLDW US,CC
GLDY US,CC
GMEY US,CC
GOOP US,CC
GOOW US,CC
GOOY US,CC
GPIQ US,CC
GPIX US,CC
GPTY US,CC
GTR US,CC
HBTA US,CC
HCOW US,CC
HEDG US,CC
HEMI US,CC
HEQT US,CC
HIMY US,CC
HIYY US,CC
HMYY US,CC
HOII US,CC
HOOI US,CC
HOOW US,CC
HOOY US,CC
HOYY US,CC
HYBI US,CC
HYGW US,CC
HYTI US,CC
ICOI US,CC
ICRC US,CC
IDVO US,CC
IETH US,CC
IGLD US,CC
IGME US,CC
IMRA US,CC
IMST US,CC
IOYY US,CC
IQQQ US,CC
ISPY US,CC
ITWO US,CC
IVVW US,CC
IWMI US,CC
IWMW US,CC
IWMY US,CC
IYRI US,CC
JEPI US,CC
JEPQ US,CC
JPMO US,CC
KGLD US,CC
KLIP US,CC
KNG US,CC
KQQQ US,CC
LFGY US,CC
LLII US,CC
LQDW US,CC
LQTI US,CC
LTTI US,CC
MAAY US,CC
MAGY US,CC
MARO US,CC
METW US,CC
MLPD US,CC
MLPI US,CC
MRNY US,CC
MSFO US,CC
MSFW US,CC
MSFY US,CC
MSII US,CC
MST US,CC
MSTK US,CC
MSTW US,CC
MSTY US,CC
MTYY US,CC
NBOS US,CC
NFLP US,CC
NFLW US,CC
NFLY US,CC
NIHI US,CC
NMB US,CC
NUGY US,CC
NVDW US,CC
NVDY US,CC
NVII US,CC
NVYY US,CC
OARK US,CC
PAPI US,CC
PBP US,CC
PLT US,CC
PLTI US,CC
PLTW US,CC
PLTY US,CC
PLYY US,CC
PVEX US,CC
PYPY US,CC
QBUL US,CC
QBY US,CC
QCLR US,CC
QDTE US,CC
QDTY US,CC
QDVO US,CC
QDWN US,CC
QLDY US,CC
QQQI US,CC
QQQT US,CC
QQQY US,CC
QRMI US,CC
QUP US,CC
QYLD US,CC
QYLG US,CC
RBLY US,CC
RDTE US,CC
RDTY US,CC
RDVI US,CC
RDYY US,CC
RGYY US,CC
RNTY US,CC
RTYY US,CC
RYLD US,CC
RYLG US,CC
SCEP US,CC
SCLZ US,CC
SDTY US,CC
SDVD US,CC
SEMY US,CC
SEPI US,CC
SIXH US,CC
SLJY US,CC
SLTY US,CC
SLVO US,CC
SMCC US,CC
SMCY US,CC
SMYY US,CC
SNOY US,CC
SOLM US,CC
SOXY US,CC
SPIN US,CC
SPUT US,CC
SPYH US,CC
SPYI US,CC
SPYT US,CC
SRHR US,CC
TCAL US,CC
TDAQ US,CC
TDVI US,CC
TESL US,CC
TLTP US,CC
TLTW US,CC
TLTX US,CC
TQQY US,CC
TSII US,CC
TSLP US,CC
TSLW US,CC
TSLY US,CC
TSMY US,CC
TSPY US,CC
TSYW US,CC
TSYY US,CC
TYA US,CC
TYLG US,CC
UBEW US,CC
ULTI US,CC
ULTY US,CC
UNHW US,CC
USG US,CC
USOI US,CC
USOY US,CC
VEGA US,CC
WDTE US,CC
WEEL US,CC
WMTI US,CC
WNTR US,CC
WPAY US,CC
WTPI US,CC
XBTY US,CC
XCLR US,CC
XDTE US,CC
XLBI US,CC
XLCI US,CC
XLEI US,CC
XLFI US,CC
XLII US,CC
XLKI US,CC
XLRI US,CC
XLSI US,CC
XLUI US,CC
XLVI US,CC
XLYI US,CC
XOMO US,CC
XRPM US,CC
XYLD US,CC
XYLG US,CC
XYZY US,CC
YBIT US,CC
YBMN US,CC
YBST US,CC
YBTC US,CC
YBTY US,CC
YETH US,CC
YGLD US,CC
YMAG US,CC
YMAX US,CC
YQQQ US,CC
YSPY US,CC
ACEI US,CC
ACII US,CC
CAIE US,CC
CAIQ US,CC
PAYH US,CC
PAYM US,CC
HAKY US,CC
NDIV US,CC
AETH US,Crypto
ARKB US,Crypto
BAGY US,Crypto
BBB US,Crypto
BCHG US,Crypto
BETE US,Crypto
BETH US,Crypto
BITB US,Crypto
BITC US,Crypto
BITI US,Crypto
BITO US,Crypto
BITQ US,Crypto
BITS US,Crypto
BITU US,Crypto
BITW US,Crypto
BLOX US,Crypto
BRRR US,Crypto
BSOL US,Crypto
BTC US,Crypto
BTCFX US,Crypto
BTCO US,Crypto
BTCW US,Crypto
BTF US,Crypto
BTOP US,Crypto
BTRN US,Crypto
BWOW US,Crypto
CRPT US,Crypto
DECO US,Crypto
DEFG US,Crypto
DEFI US,Crypto
DIME US,Crypto
DOJE US,Crypto
EETH US,Crypto
ESK US,Crypto
ETCG US,Crypto
ETCO US,Crypto
ETH US,Crypto
ETHA US,Crypto
ETHD US,Crypto
ETHE US,Crypto
ETHT US,Crypto
ETHV US,Crypto
ETHW US,Crypto
EZBC US,Crypto
EZET US,Crypto
EZPZ US,Crypto
FBTC US,Crypto
FDIG US,Crypto
FETH US,Crypto
FILG US,Crypto
FMKT US,Crypto
FSOL US,Crypto
GBAT US,Crypto
GBTC US,Crypto
GDLC US,Crypto
GDOG US,Crypto
GLIV US,Crypto
GLNK US,Crypto
GSNR US,Crypto
GSOL US,Crypto
GXRP US,Crypto
HBR US,Crypto
HBTC US,Crypto
HECO US,Crypto
HODL US,Crypto
IBIT US,Crypto
IETH US,Crypto
LTCC US,Crypto
LTCN US,Crypto
MANA US,Crypto
MAXI US,Crypto
MNRS US,Crypto
NCIQ US,Crypto
NEHI US,Crypto
NODE US,Crypto
OBNB US,Crypto
OBNK US,Crypto
OBTC US,Crypto
ODOT US,Crypto
OOQB US,Crypto
OOSB US,Crypto
ORO US,Crypto
OSOL US,Crypto
OWNB US,Crypto
QETH US,Crypto
QSOL US,Crypto
SATO US,Crypto
SBIT US,Crypto
SETH US,Crypto
SLON US,Crypto
SOEZ US,Crypto
SOLC US,Crypto
SOLZ US,Crypto
SPBC US,Crypto
SSK US,Crypto
STBQ US,Crypto
STCE US,Crypto
TETH US,Crypto
TKNQ US,Crypto
TOXR US,Crypto
TSOL US,Crypto
TTOP US,Crypto
TXBC US,Crypto
VSOL US,Crypto
WGMI US,Crypto
WTIB US,Crypto
WTIP US,Crypto
XRP US,Crypto
XRPC US,Crypto
XRPI US,Crypto
XRPR US,Crypto
XRPZ US,Crypto
CLNK US,Crypto
AAPR US,Defined
AIOO US,Defined
AJAN US,Defined
AJUL US,Defined
AOCT US,Defined
APOC US,Defined
APRB US,Defined
APRH US,Defined
APRJ US,Defined
APRP US,Defined
APRT US,Defined
APRW US,Defined
APRZ US,Defined
APXM US,Defined
ARKD US,Defined
ARKT US,Defined
ARLU US,Defined
AUGM US,Defined
AUGP US,Defined
AUGT US,Defined
AUGU US,Defined
AUGW US,Defined
AUGZ US,Defined
BALT US,Defined
BAPR US,Defined
BAUG US,Defined
BDEC US,Defined
BFAP US,Defined
BFEB US,Defined
BFJL US,Defined
BFLB US,Defined
BFOC US,Defined
BFRZ US,Defined
BGLD US,Defined
BJAN US,Defined
BJUL US,Defined
BJUN US,Defined
BMAR US,Defined
BMAY US,Defined
BNOV US,Defined
BOCT US,Defined
BSEP US,Defined
BSTP US,Defined
BUFB US,Defined
BUFC US,Defined
BUFD US,Defined
BUFF US,Defined
BUFG US,Defined
BUFH US,Defined
BUFI US,Defined
BUFM US,Defined
BUFP US,Defined
BUFQ US,Defined
BUFR US,Defined
BUFS US,Defined
BUFT US,Defined
BUFX US,Defined
BUFY US,Defined
BUFZ US,Defined
CBOA US,Defined
CBOJ US,Defined
CBOL US,Defined
CBOO US,Defined
CBOY US,Defined
CBTA US,Defined
CBTJ US,Defined
CBTL US,Defined
CBTO US,Defined
CBTY US,Defined
CBXA US,Defined
CBXJ US,Defined
CBXL US,Defined
CBXO US,Defined
CBXY US,Defined
CPNJ US,Defined
CPNM US,Defined
CPNQ US,Defined
CPNS US,Defined
CPRA US,Defined
CPRJ US,Defined
CPRO US,Defined
CPRY US,Defined
CPSA US,Defined
CPSD US,Defined
CPSF US,Defined
CPSJ US,Defined
CPSL US,Defined
CPSM US,Defined
CPSN US,Defined
CPSO US,Defined
CPSP US,Defined
CPSR US,Defined
CPST US,Defined
CPSU US,Defined
CPSY US,Defined
DAPR US,Defined
DAUG US,Defined
DDEC US,Defined
DDFD US,Defined
DDFJ US,Defined
DDFL US,Defined
DDFN US,Defined
DDFO US,Defined
DDFS US,Defined
DDNQ US,Defined
DDSQ US,Defined
DDTD US,Defined
DDTJ US,Defined
DDTL US,Defined
DDTN US,Defined
DDTO US,Defined
DDTS US,Defined
DECM US,Defined
DECP US,Defined
DECT US,Defined
DECU US,Defined
DECW US,Defined
DECZ US,Defined
DFEB US,Defined
DGOC US,Defined
DHDG US,Defined
DHSB US,Defined
DJAN US,Defined
DJUL US,Defined
DJUN US,Defined
DLAG US,Defined
DLNV US,Defined
DMAR US,Defined
DMAX US,Defined
DMAY US,Defined
DNOV US,Defined
DOCT US,Defined
DRSK US,Defined
DSEP US,Defined
DVIN US,Defined
DVQQ US,Defined
DVRE US,Defined
DVSP US,Defined
DVUT US,Defined
DVXB US,Defined
DVXC US,Defined
DVXE US,Defined
DVXF US,Defined
DVXK US,Defined
DVXP US,Defined
DVXV US,Defined
DVXY US,Defined
EALT US,Defined
EAPR US,Defined
EBUF US,Defined
EJAN US,Defined
EJUL US,Defined
EOCT US,Defined
FAPR US,Defined
FAUG US,Defined
FB US,Defined
FBUF US,Defined
FDEC US,Defined
FEBM US,Defined
FEBP US,Defined
FEBT US,Defined
FEBU US,Defined
FEBW US,Defined
FEBZ US,Defined
FFEB US,Defined
FHDG US,Defined
FHEQ US,Defined
FJAN US,Defined
FJUL US,Defined
FJUN US,Defined
FLAO US,Defined
FLJJ US,Defined
FMAR US,Defined
FMAY US,Defined
FNOV US,Defined
FOCT US,Defined
FSEP US,Defined
GAPR US,Defined
GAUG US,Defined
GBXA US,Defined
GBXB US,Defined
GBXC US,Defined
GDEC US,Defined
GFEB US,Defined
GJAN US,Defined
GJUL US,Defined
GJUN US,Defined
GMAR US,Defined
GMAY US,Defined
GNOV US,Defined
GOCT US,Defined
GSEP US,Defined
HELO US,Defined
HEQQ US,Defined
HOLA US,Defined
HYKE US,Defined
IAPR US,Defined
IAUG US,Defined
IBUF US,Defined
IDEC US,Defined
IFEB US,Defined
IFLR US,Defined
IJAN US,Defined
IJUL US,Defined
IJUN US,Defined
IMAR US,Defined
IMAY US,Defined
INOV US,Defined
IOCT US,Defined
ISEP US,Defined
IVVB US,Defined
IVVM US,Defined
JAJL US,Defined
JANB US,Defined
JANH US,Defined
JANJ US,Defined
JANM US,Defined
JANP US,Defined
JANT US,Defined
JANU US,Defined
JANW US,Defined
JANZ US,Defined
JNEU US,Defined
JULB US,Defined
JULH US,Defined
JULJ US,Defined
JULM US,Defined
JULP US,Defined
JULT US,Defined
JULU US,Defined
JULW US,Defined
JULZ US,Defined
JUNM US,Defined
JUNP US,Defined
JUNT US,Defined
JUNW US,Defined
JUNZ US,Defined
KAPR US,Defined
KAUG US,Defined
KBUF US,Defined
KDEC US,Defined
KFEB US,Defined
KIQQ US,Defined
KJAN US,Defined
KJUL US,Defined
KJUN US,Defined
KMAR US,Defined
KMAY US,Defined
KNOV US,Defined
KOCT US,Defined
KPRO US,Defined
KSEP US,Defined
LAPR US,Defined
LJAN US,Defined
LJUL US,Defined
LOCT US,Defined
MARM US,Defined
MART US,Defined
MARU US,Defined
MARW US,Defined
MARZ US,Defined
MAXJ US,Defined
MAYM US,Defined
MAYP US,Defined
MAYT US,Defined
MAYU US,Defined
MAYW US,Defined
MAYZ US,Defined
MMAX US,Defined
MRCP US,Defined
NAPR US,Defined
NAUG US,Defined
NDEC US,Defined
NFEB US,Defined
NJAN US,Defined
NJUL US,Defined
NJUN US,Defined
NMAR US,Defined
NMAY US,Defined
NNOV US,Defined
NOCT US,Defined
NOVM US,Defined
NOVP US,Defined
NOVZ US,Defined
NSEP US,Defined
NVBT US,Defined
NVBU US,Defined
NVBW US,Defined
OCTB US,Defined
OCTH US,Defined
OCTJ US,Defined
OCTM US,Defined
OCTP US,Defined
OCTT US,Defined
OCTU US,Defined
OCTW US,Defined
OCTZ US,Defined
ONEZ US,Defined
PAPR US,Defined
PAUG US,Defined
PBAP US,Defined
PBAU US,Defined
PBDE US,Defined
PBFB US,Defined
PBFR US,Defined
PBJA US,Defined
PBJL US,Defined
PBJN US,Defined
PBMR US,Defined
PBMY US,Defined
PBNV US,Defined
PBOC US,Defined
PBQQ US,Defined
PBSE US,Defined
PDEC US,Defined
PFEB US,Defined
PJAN US,Defined
PJUL US,Defined
PJUN US,Defined
PMAP US,Defined
PMAR US,Defined
PMAU US,Defined
PMAY US,Defined
PMDE US,Defined
PMFB US,Defined
PMJA US,Defined
PMJL US,Defined
PMJN US,Defined
PMMR US,Defined
PMMY US,Defined
PMNV US,Defined
PMOC US,Defined
PMSE US,Defined
PNOV US,Defined
POCT US,Defined
PQAP US,Defined
PQJA US,Defined
PQJL US,Defined
PQOC US,Defined
PSCJ US,Defined
PSCQ US,Defined
PSCW US,Defined
PSCX US,Defined
PSEP US,Defined
PSFD US,Defined
PSFF US,Defined
PSFJ US,Defined
PSFM US,Defined
PSFO US,Defined
PSMD US,Defined
PSMJ US,Defined
PSMO US,Defined
PSMR US,Defined
PSTP US,Defined
PWS US,Defined
QB US,Defined
QBER US,Defined
QBF US,Defined
QBSF US,Defined
QBUF US,Defined
QBUL US,Defined
QCAP US,Defined
QCJA US,Defined
QCJL US,Defined
QCOC US,Defined
QDEC US,Defined
QFLR US,Defined
QGRD US,Defined
QHDG US,Defined
QJUN US,Defined
QMAG US,Defined
QMAR US,Defined
QMFE US,Defined
QMMY US,Defined
QMNV US,Defined
QSPT US,Defined
QTAP US,Defined
QTJA US,Defined
QTJL US,Defined
QTOC US,Defined
RB US,Defined
RBUF US,Defined
RFLR US,Defined
RSDE US,Defined
RSJN US,Defined
RSMR US,Defined
RSSE US,Defined
SAUG US,Defined
SBAR US,Defined
SEPM US,Defined
SEPP US,Defined
SEPT US,Defined
SEPU US,Defined
SEPW US,Defined
SEPZ US,Defined
SFEB US,Defined
SFLR US,Defined
SIXD US,Defined
SIXF US,Defined
SIXJ US,Defined
SIXO US,Defined
SIXP US,Defined
SIXZ US,Defined
SMAX US,Defined
SMAY US,Defined
SNOV US,Defined
SPBU US,Defined
SPBW US,Defined
SPBX US,Defined
SPYH US,Defined
SQMX US,Defined
STEN US,Defined
TAPR US,Defined
TBJL US,Defined
TDEC US,Defined
TEND US,Defined
TENJ US,Defined
TENM US,Defined
TFJL US,Defined
THEQ US,Defined
TJAN US,Defined
TJUL US,Defined
TJUN US,Defined
TMAR US,Defined
TOCT US,Defined
TRIO US,Defined
TSEP US,Defined
TWOX US,Defined
UAPR US,Defined
UAUG US,Defined
UDEC US,Defined
UFEB US,Defined
UJAN US,Defined
UJUL US,Defined
UJUN US,Defined
UMAR US,Defined
UMAY US,Defined
UNOV US,Defined
UOCT US,Defined
USEP US,Defined
UXAP US,Defined
UXJA US,Defined
UXJL US,Defined
UXOC US,Defined
XAPR US,Defined
XAUG US,Defined
XBAP US,Defined
XBJA US,Defined
XBJL US,Defined
XBOC US,Defined
XDEC US,Defined
XDQQ US,Defined
XDSQ US,Defined
XFEB US,Defined
XIDE US,Defined
XIJN US,Defined
XIMR US,Defined
XISE US,Defined
XJAN US,Defined
XJUL US,Defined
XJUN US,Defined
XMAR US,Defined
XMAY US,Defined
XNOV US,Defined
XOCT US,Defined
XSEP US,Defined
XTAP US,Defined
XTJA US,Defined
XTJL US,Defined
XTOC US,Defined
XUSP US,Defined
YDEC US,Defined
YJUN US,Defined
YMAR US,Defined
YSEP US,Defined
ZALT US,Defined
ZAPR US,Defined
ZAUG US,Defined
ZDEK US,Defined
ZFEB US,Defined
ZJAN US,Defined
ZJUL US,Defined
ZJUN US,Defined
ZMAR US,Defined
ZMAY US,Defined
ZNOV US,Defined
ZOCT US,Defined
ZSEP US,Defined
BFJA US,Defined
DGJA US,Defined
BTCL US,LI
BTCZ US,LI
ETQ US,LI
ETU US,LI
SOLX US,LI
XRPK US,LI
AALG US,LI
AAPB US,LI
AAPD US,LI
AAPU US,LI
AAPX US,LI
ABNG US,LI
ADBG US,LI
ADZCF US,LI
AFRU US,LI
AGQ US,LI
AIBD US,LI
AIBU US,LI
AMDD US,LI
AMDG US,LI
AMDL US,LI
AMUU US,LI
AMZD US,LI
AMZU US,LI
AMZZ US,LI
ANEL US,LI
APED US,LI
APLX US,LI
APPX US,LI
ARCX US,LI
ARMG US,LI
ARMU US,LI
ASMG US,LI
ASTX US,LI
AURU US,LI
AVGG US,LI
AVGU US,LI
AVGX US,LI
AVL US,LI
AVS US,LI
AVXX US,LI
AXUP US,LI
BABX US,LI
BAIG US,LI
BDCX US,LI
BDDXF US,LI
BEG US,LI
BEGS US,LI
BERZ US,LI
BEX US,LI
BIB US,LI
BIDG US,LI
BIS US,LI
BITI US,LI
BITU US,LI
BITX US,LI
BKNU US,LI
BLSG US,LI
BLSX US,LI
BMNG US,LI
BMNU US,LI
BMNZ US,LI
BNKD US,LI
BNKU US,LI
BOED US,LI
BOEG US,LI
BOEU US,LI
BOIL US,LI
BOMMF US,LI
BOSXF US,LI
BRKD US,LI
BRKU US,LI
BRZU US,LI
BTFL US,LI
BTFX US,LI
BTGD US,LI
BU US,LI
BULG US,LI
BULU US,LI
BULX US,LI
BULZ US,LI
BZQ US,LI
CARD US,LI
CARU US,LI
CCUP US,LI
CEFD US,LI
CEGX US,LI
CELT US,LI
CHAU US,LI
CIFG US,LI
CIFU US,LI
CLSX US,LI
CMGG US,LI
CNCG US,LI
COIA US,LI
COIG US,LI
COIO US,LI
CONI US,LI
CONL US,LI
CONX US,LI
CORD US,LI
CORX US,LI
COTG US,LI
COZX US,LI
CPXR US,LI
CRCA US,LI
CRCD US,LI
CRCG US,LI
CRDU US,LI
CRMG US,LI
CRWG US,LI
CRWL US,LI
CRWU US,LI
CSCL US,LI
CSCS US,LI
CSEX US,LI
CSM US,LI
CURE US,LI
CVNX US,LI
CWEB US,LI
CWVX US,LI
CXRN US,LI
DAGXF US,LI
DAMD US,LI
DASX US,LI
DDM US,LI
DDPXF US,LI
DEENF US,LI
DFEN US,LI
DGP US,LI
DGZ US,LI
DIG US,LI
DJTU US,LI
DKNX US,LI
DKUP US,LI
DLLL US,LI
DOG US,LI
DOGD US,LI
DPST US,LI
DRIP US,LI
DRN US,LI
DRV US,LI
DUG US,LI
DULL US,LI
DUOG US,LI
DUSL US,LI
DUST US,LI
DXD US,LI
DYYXF US,LI
DZZ US,LI
EDC US,LI
EDZ US,LI
EET US,LI
EEV US,LI
EFO US,LI
EFU US,LI
EFZ US,LI
ELIL US,LI
ELIS US,LI
EMTY US,LI
ENPX US,LI
EPV US,LI
ERX US,LI
ERY US,LI
ETHD US,LI
ETHT US,LI
ETHU US,LI
ETRL US,LI
EUM US,LI
EUO US,LI
EURL US,LI
EWV US,LI
EZJ US,LI
FAS US,LI
FAZ US,LI
FBL US,LI
FIGG US,LI
FLYD US,LI
FLYT US,LI
FLYU US,LI
FNGD US,LI
FNGG US,LI
FNGO US,LI
FNGU US,LI
FRDD US,LI
FRDU US,LI
FUTG US,LI
FXP US,LI
GDXD US,LI
GDXU US,LI
GEMG US,LI
GEVG US,LI
GEVX US,LI
GGLL US,LI
GGLS US,LI
GLGG US,LI
GLL US,LI
GLXU US,LI
GMEU US,LI
GOOX US,LI
GOU US,LI
GRAG US,LI
GSX US,LI
GUSH US,LI
HCMT US,LI
HDLB US,LI
HIBL US,LI
HIBS US,LI
HIMZ US,LI
HODU US,LI
HOOG US,LI
HOOX US,LI
HOOZ US,LI
INDL US,LI
INTW US,LI
IONL US,LI
IONX US,LI
IONZ US,LI
IRE US,LI
IREG US,LI
IREX US,LI
ISUL US,LI
IWDL US,LI
IWFL US,LI
IWML US,LI
JDST US,LI
JETD US,LI
JETU US,LI
JNUG US,LI
JOBX US,LI
JPX US,LI
KBAB US,LI
KBDU US,LI
KJD US,LI
KLAG US,LI
KMLI US,LI
KOLD US,LI
KORU US,LI
KPDD US,LI
KTUP US,LI
LABD US,LI
LABU US,LI
LABX US,LI
LACG US,LI
LAYS US,LI
LCDL US,LI
LINT US,LI
LLYX US,LI
LLYZ US,LI
LMBO US,LI
LMNX US,LI
LMTL US,LI
LMTS US,LI
LRCU US,LI
LTL US,LI
LULG US,LI
LYFX US,LI
MAGX US,LI
MDBX US,LI
METD US,LI
METU US,LI
MEXX US,LI
MIDU US,LI
MLPR US,LI
MPG US,LI
MPL US,LI
MQQQ US,LI
MRAL US,LI
MSDD US,LI
MSFD US,LI
MSFL US,LI
MSFU US,LI
MSFX US,LI
MSOO US,LI
MSOX US,LI
MSTP US,LI
MSTU US,LI
MSTX US,LI
MSTZ US,LI
MTUL US,LI
MUD US,LI
MULL US,LI
MUU US,LI
MVLL US,LI
MVPL US,LI
MVRL US,LI
MVV US,LI
MYY US,LI
MZZ US,LI
NAIL US,LI
NBIG US,LI
NBIL US,LI
NEBX US,LI
NEMG US,LI
NETG US,LI
NETX US,LI
NFLU US,LI
NFXL US,LI
NFXS US,LI
NIOG US,LI
NNEX US,LI
NOWL US,LI
NRGD US,LI
NRGU US,LI
NUG US,LI
NUGT US,LI
NVD US,LI
NVDB US,LI
NVDD US,LI
NVDG US,LI
NVDL US,LI
NVDO US,LI
NVDQ US,LI
NVDS US,LI
NVDU US,LI
NVDX US,LI
NVOX US,LI
NVTX US,LI
NWMX US,LI
OILD US,LI
OILU US,LI
OKLL US,LI
OKLS US,LI
OKTG US,LI
OKTX US,LI
ONDL US,LI
OOQB US,LI
OOSB US,LI
OPEG US,LI
OPEX US,LI
ORCS US,LI
ORCU US,LI
ORCX US,LI
ORR US,LI
OSCG US,LI
OSCX US,LI
PALD US,LI
PALU US,LI
PANG US,LI
PBRG US,LI
PDDL US,LI
PFFL US,LI
PILL US,LI
PLOO US,LI
PLTA US,LI
PLTD US,LI
PLTG US,LI
PLTU US,LI
PLTZ US,LI
PLU US,LI
PONX US,LI
PSQ US,LI
PST US,LI
PTIR US,LI
PXIU US,LI
PYPG US,LI
QBTX US,LI
QBTZ US,LI
QCMD US,LI
QCML US,LI
QCMU US,LI
QID US,LI
QLD US,LI
QPUX US,LI
QQDN US,LI
QQQD US,LI
QQQP US,LI
QQQU US,LI
QQUP US,LI
QQXL US,LI
QSU US,LI
QSX US,LI
QUBX US,LI
QULL US,LI
RAAA US,LI
RBLU US,LI
RDTL US,LI
REK US,LI
REKT US,LI
RETL US,LI
REW US,LI
RGTU US,LI
RGTX US,LI
RGTZ US,LI
RIOX US,LI
RKLX US,LI
RKLZ US,LI
ROBN US,LI
ROM US,LI
RSBA US,LI
RSBT US,LI
RSBY US,LI
RSEE US,LI
RSSB US,LI
RSST US,LI
RSSX US,LI
RSSY US,LI
RTXG US,LI
RVNL US,LI
RWM US,LI
RXD US,LI
RXL US,LI
SAA US,LI
SARK US,LI
SATG US,LI
SBB US,LI
SBIT US,LI
SBTU US,LI
SBU US,LI
SCC US,LI
SCDL US,LI
SCO US,LI
SDD US,LI
SDOW US,LI
SDP US,LI
SDS US,LI
SEF US,LI
SETH US,LI
SH US,LI
SHNY US,LI
SHPD US,LI
SHPU US,LI
SIJ US,LI
SJB US,LI
SKF US,LI
SKRE US,LI
SKYU US,LI
SLON US,LI
SMCL US,LI
SMCX US,LI
SMCZ US,LI
SMDD US,LI
SMHB US,LI
SMN US,LI
SMQ US,LI
SMST US,LI
SMU US,LI
SMUP US,LI
SNAG US,LI
SNOU US,LI
SNPX US,LI
SOFX US,LI
SOLT US,LI
SOUX US,LI
SOXL US,LI
SOXS US,LI
SPCY US,LI
SPDN US,LI
SPOG US,LI
SPUU US,LI
SPXL US,LI
SPXS US,LI
SPXU US,LI
SPYQ US,LI
SPYU US,LI
SQQQ US,LI
SRPU US,LI
SRS US,LI
SRTY US,LI
SSG US,LI
SSO US,LI
STSM US,LI
SVIX US,LI
SVOL US,LI
SVXY US,LI
SZK US,LI
SZOXF US,LI
TARK US,LI
TBF US,LI
TBT US,LI
TBX US,LI
TBXU US,LI
TDAX US,LI
TECL US,LI
TECS US,LI
TEMT US,LI
TERG US,LI
TEXU US,LI
TMF US,LI
TMV US,LI
TNA US,LI
TPOR US,LI
TQQQ US,LI
TSDD US,LI
TSL US,LI
TSLG US,LI
TSLI US,LI
TSLL US,LI
TSLO US,LI
TSLQ US,LI
TSLR US,LI
TSLS US,LI
TSLT US,LI
TSLZ US,LI
TSMG US,LI
TSMU US,LI
TSMX US,LI
TSMZ US,LI
TSXD US,LI
TSXU US,LI
TSYX US,LI
TTDU US,LI
TTT US,LI
TTXD US,LI
TTXU US,LI
TWM US,LI
TXXD US,LI
TXXS US,LI
TYD US,LI
TYO US,LI
TZA US,LI
UBOT US,LI
UBR US,LI
UBRL US,LI
UBT US,LI
UCC US,LI
UCO US,LI
UCYB US,LI
UDN US,LI
UDOW US,LI
UGE US,LI
UGL US,LI
UJB US,LI
ULE US,LI
UMDD US,LI
UNHG US,LI
UNX US,LI
UPRO US,LI
UPSG US,LI
UPSX US,LI
UPV US,LI
UPW US,LI
URAA US,LI
URE US,LI
URSP US,LI
URTY US,LI
USD US,LI
USML US,LI
UST US,LI
UTSL US,LI
UVIX US,LI
UVXY US,LI
UWM US,LI
UXI US,LI
UXRP US,LI
UYG US,LI
UYM US,LI
VALG US,LI
VIXI US,LI
VOYX US,LI
VRTL US,LI
VSTL US,LI
VYLD US,LI
WANT US,LI
WEBL US,LI
WEBS US,LI
WHTX US,LI
WILD US,LI
WTIB US,LI
WTID US,LI
WTIU US,LI
WULX US,LI
WXET US,LI
XOMX US,LI
XOMZ US,LI
XPM US,LI
XPP US,LI
XRPT US,LI
XVOL US,LI
XXRP US,LI
XYZG US,LI
YANG US,LI
YCL US,LI
YCS US,LI
YINN US,LI
YXI US,LI
ZIPP US,LI
ZSL US,LI
ZVOL US,LI
ALBG US,LI
CRMX US,LI
EOSU US,LI
FDRX US,LI
HUTG US,LI
LUNL US,LI
ONDG US,LI
ONDU US,LI
ORLG US,LI
PATX US,LI
PLUL US,LI
RKTL US,LI
USAX US,LI
USGG US,LI
UUUG US,LI
XPEG US,LI
APLZ US,LI
IREZ US,LI
LCIZ US,LI
LNOK US,LI
NBIZ US,LI
QXAS US,LI
LITX US,LI
RDWU US,LI
SNXX US,LI
WDCX US,LI
BMAX US,Thematic
ABLD US,Thematic
ABOT US,Thematic
ACES US,Thematic
AGIX US,Thematic
AIFD US,Thematic
AIQ US,Thematic
AIS US,Thematic
AIVC US,Thematic
ANEW US,Thematic
AOTG US,Thematic
AQWA US,Thematic
ARKF US,Thematic
ARKG US,Thematic
ARKK US,Thematic
ARKQ US,Thematic
ARKW US,Thematic
ARKX US,Thematic
ARTY US,Thematic
ARVR US,Thematic
AVIE US,Thematic
AWAY US,Thematic
BAI US,Thematic
BATT US,Thematic
BCDF US,Thematic
BEDZ US,Thematic
BETZ US,Thematic
BILD US,Thematic
BITQ US,Thematic
BJK US,Thematic
BKCH US,Thematic
BKGI US,Thematic
BLCN US,Thematic
BLKC US,Thematic
BLOK US,Thematic
BMED US,Thematic
BMVP US,Thematic
BNGE US,Thematic
BOAT US,Thematic
BOTT US,Thematic
BOTZ US,Thematic
BPAY US,Thematic
BUG US,Thematic
BULD US,Thematic
BUYZ US,Thematic
BWEB US,Thematic
CANC US,Thematic
CARZ US,Thematic
CCNR US,Thematic
CCSO US,Thematic
CGW US,Thematic
CHAT US,Thematic
CHGX US,Thematic
CIBR US,Thematic
CLOD US,Thematic
CLOU US,Thematic
CNRG US,Thematic
COPY US,Thematic
CRPT US,Thematic
CSD US,Thematic
CSNR US,Thematic
CTEC US,Thematic
CTEX US,Thematic
CUT US,Thematic
DAPP US,Thematic
DARP US,Thematic
DAT US,Thematic
DECO US,Thematic
DGIN US,Thematic
DMAT US,Thematic
DMCY US,Thematic
DRIV US,Thematic
DRNZ US,Thematic
DTCR US,Thematic
DTEC US,Thematic
EATZ US,Thematic
EBIZ US,Thematic
ECON US,Thematic
EFRA US,Thematic
EKG US,Thematic
ELFY US,Thematic
EMCR US,Thematic
EMDM US,Thematic
EMIF US,Thematic
EMLP US,Thematic
EMQQ US,Thematic
ENFR US,Thematic
ERET US,Thematic
ERTH US,Thematic
ESPO US,Thematic
ETEC US,Thematic
ETHO US,Thematic
EUAD US,Thematic
EVX US,Thematic
FAI US,Thematic
FAN US,Thematic
FBOT US,Thematic
FCLD US,Thematic
FCPI US,Thematic
FDCF US,Thematic
FDFF US,Thematic
FDIG US,Thematic
FDRV US,Thematic
FDTX US,Thematic
FINX US,Thematic
FIW US,Thematic
FMED US,Thematic
FMET US,Thematic
FMQQ US,Thematic
FPX US,Thematic
FPXE US,Thematic
FPXI US,Thematic
FRNW US,Thematic
FTAG US,Thematic
FTIF US,Thematic
FTRI US,Thematic
FTWO US,Thematic
FWD US,Thematic
GAMR US,Thematic
GAST US,Thematic
GBLD US,Thematic
GCAD US,Thematic
GDOC US,Thematic
GGME US,Thematic
GGRW US,Thematic
GII US,Thematic
GINN US,Thematic
GMET US,Thematic
GNOM US,Thematic
GNR US,Thematic
GRID US,Thematic
GTEK US,Thematic
GUNR US,Thematic
HACK US,Thematic
HAIL US,Thematic
HAP US,Thematic
HAPI US,Thematic
HAPS US,Thematic
HEAL US,Thematic
HEAT US,Thematic
HECO US,Thematic
HELX US,Thematic
HERO US,Thematic
HOMZ US,Thematic
HRTS US,Thematic
HTEC US,Thematic
HUMN US,Thematic
HWAY US,Thematic
HYDR US,Thematic
IBLC US,Thematic
IBOT US,Thematic
IBRN US,Thematic
IBUY US,Thematic
ICLN US,Thematic
IDNA US,Thematic
IDRV US,Thematic
IFRA US,Thematic
IGE US,Thematic
IGF US,Thematic
IHAK US,Thematic
IHI US,Thematic
ILDR US,Thematic
ILIT US,Thematic
INCO US,Thematic
INFL US,Thematic
INFR US,Thematic
INQQ US,Thematic
ION US,Thematic
IPAV US,Thematic
IPAY US,Thematic
IPO US,Thematic
IPOS US,Thematic
IQM US,Thematic
IQRA US,Thematic
ISHP US,Thematic
ISMD US,Thematic
ITA US,Thematic
ITB US,Thematic
ITEQ US,Thematic
IVRS US,Thematic
JETS US,Thematic
JOET US,Thematic
JTEK US,Thematic
KARS US,Thematic
KDEF US,Thematic
KGRN US,Thematic
KLXY US,Thematic
KNCT US,Thematic
KOMP US,Thematic
KQQQ US,Thematic
KROP US,Thematic
KTEC US,Thematic
KWEB US,Thematic
LEGR US,Thematic
LIMI US,Thematic
LIT US,Thematic
LITP US,Thematic
LOPP US,Thematic
LOUP US,Thematic
LRNZ US,Thematic
MDEV US,Thematic
MEDI US,Thematic
MEDX US,Thematic
METV US,Thematic
MGNR US,Thematic
MILN US,Thematic
MINV US,Thematic
MISL US,Thematic
MJ US,Thematic
MLPA US,Thematic
MLPX US,Thematic
MOO US,Thematic
MOTO US,Thematic
NANR US,Thematic
NATO US,Thematic
NBDS US,Thematic
NBET US,Thematic
NDIV US,Thematic
NERD US,Thematic
NFRA US,Thematic
NLR US,Thematic
NODE US,Thematic
NRES US,Thematic
NUKZ US,Thematic
NXTE US,Thematic
NXTG US,Thematic
NZAC US,Thematic
NZUS US,Thematic
OBOR US,Thematic
ODDS US,Thematic
OGIG US,Thematic
OND US,Thematic
ONLN US,Thematic
OZEM US,Thematic
PAVE US,Thematic
PAWZ US,Thematic
PBD US,Thematic
PBW US,Thematic
PEJ US,Thematic
PFUT US,Thematic
PHO US,Thematic
PINK US,Thematic
PIO US,Thematic
PIPE US,Thematic
PJBF US,Thematic
PKB US,Thematic
POWA US,Thematic
PPA US,Thematic
PPI US,Thematic
PSIL US,Thematic
PSWD US,Thematic
PWER US,Thematic
PWRD US,Thematic
QCLN US,Thematic
QQQS US,Thematic
QTUM US,Thematic
RBLD US,Thematic
RIFR US,Thematic
RNRG US,Thematic
RNWZ US,Thematic
ROBO US,Thematic
ROBT US,Thematic
ROKT US,Thematic
RSHO US,Thematic
SAGP US,Thematic
SATO US,Thematic
SCAP US,Thematic
SHE US,Thematic
SHLD US,Thematic
SHPP US,Thematic
SIMS US,Thematic
SIXG US,Thematic
SKYY US,Thematic
SNSR US,Thematic
SOCL US,Thematic
SOLR US,Thematic
SPAM US,Thematic
SPAQ US,Thematic
SPC US,Thematic
SPCX US,Thematic
SPCZ US,Thematic
SPRX US,Thematic
SRVR US,Thematic
STCE US,Thematic
STXD US,Thematic
SUPL US,Thematic
SUPP US,Thematic
SURI US,Thematic
TAN US,Thematic
TCHI US,Thematic
TEC US,Thematic
TECB US,Thematic
TEKX US,Thematic
TESL US,Thematic
THNQ US,Thematic
TIME US,Thematic
TINY US,Thematic
TOKE US,Thematic
TOLL US,Thematic
TOLZ US,Thematic
TRFK US,Thematic
TRFM US,Thematic
UFO US,Thematic
UPGR US,Thematic
URA US,Thematic
URAN US,Thematic
URNJ US,Thematic
URNM US,Thematic
USAI US,Thematic
USNZ US,Thematic
VCLN US,Thematic
VEGI US,Thematic
VEGN US,Thematic
VERS US,Thematic
VICE US,Thematic
VRAI US,Thematic
WAR US,Thematic
WCBR US,Thematic
WCEO US,Thematic
WCLD US,Thematic
WDNA US,Thematic
WEED US,Thematic
WGMI US,Thematic
WISE US,Thematic
WOMN US,Thematic
WOOD US,Thematic
WTAI US,Thematic
WUGI US,Thematic
XAIX US,Thematic
XAR US,Thematic
XDAT US,Thematic
XHB US,Thematic
XITK US,Thematic
XOVR US,Thematic
XPND US,Thematic
XSW US,Thematic
XTL US,Thematic
YOLO US,Thematic
ZSC US,Thematic
MRNX US,LI
RCAX US,LI
ZETX US,LI
DDFF US,Defined
DDTF US,Defined
JANI US,Defined
BCCC US,Crypto
BEGS US,Crypto
BFAP US,Crypto
BFJA US,Crypto
BFJL US,Crypto
BFOC US,Crypto
BITK US,Crypto
BITX US,Crypto
BITY US,Crypto
BPI US,Crypto
BPRO US,Crypto
BTCC US,Crypto
BTCI US,Crypto
BTCL US,Crypto
BTCZ US,Crypto
BTGD US,Crypto
CBOA US,Crypto
CBOJ US,Crypto
CBOL US,Crypto
CBOO US,Crypto
CBOY US,Crypto
CBTA US,Crypto
CBTJ US,Crypto
CBTL US,Crypto
CBTO US,Crypto
CBTY US,Crypto
CBXA US,Crypto
CBXJ US,Crypto
CBXL US,Crypto
CBXO US,Crypto
CBXY US,Crypto
COYY US,Crypto
DFII US,Crypto
EHY US,Crypto
ETHU US,Crypto
ETQ US,Crypto
ETTY US,Crypto
ETU US,Crypto
ISBG US,Crypto
ISSB US,Crypto
KRYP US,Crypto
QBF US,Crypto
QXAS US,Crypto
SOLM US,Crypto
SOLT US,Crypto
SOLX US,Crypto
TDOG US,Crypto
TXXD US,Crypto
TXXS US,Crypto
UXRP US,Crypto
VAVX US,Crypto
XBCI US,Crypto
XBTY US,Crypto
XRPK US,Crypto
XRPM US,Crypto
XRPT US,Crypto
XXRP US,Crypto
YBIT US,Crypto
YBTC US,Crypto
YETH US,Crypto
ANV US,CC
TLA US,CC
XSPI US,CC
ASTN US,LI
CRMU US,LI
DNNG US,LI
UECG US,LI
BEZ US,LI
SMZ US,LI
ATCL US,CC
FEPI LN,CC
FEGI LN,CC
CEGI LN,CC
GSUI US,Crypto
SUIS US,Crypto
APHU US,LI
ASMU US,LI
AXPG US,LI
BABU US,LI
CLSZ US,LI
COHX US,LI
COPZ US,LI
FCXG US,LI
FGRU US,LI
LEUX US,LI
MRVU US,LI
SOFA US,LI
DLFE US,Defined
FNGS US,LI
